nb_shards,nb_slices,nb_epochs,nb_requests,accuracy,retraining_time,nb_retrained_points
10,1,30,0,0.85,16.522898,0
10,1,30,10,0.9125,11.559363,214
10,1,30,20,0.85,14.560352,268
10,1,30,30,0.875,14.792742,259
