nb_shards,nb_slices,nb_epochs,nb_requests,accuracy,retraining_time,nb_retrained_points
5,1,30,0,0.9375,16.660112142562866,0
5,1,30,5,0.925,9.620490312576294,187
5,1,30,10,0.925,9.672287225723267,182
5,1,30,15,0.8875,16.47138476371765,306
